,ClientIP,ClientRequestHost,ClientRequestMethod,ClientRequestURI,EdgeStartTimestamp,ZoneName,ClientASN,ClientCountry,ClientDeviceType,ClientSrcPort,ClientRequestBytes,ClientRequestPath,ClientRequestReferer,ClientRequestScheme,ClientRequestUserAgent
52,162.86.96.220,walters-thompson.com,GET,/administration,2024-11-06 12:04:44+00:00,infinitepay.io,262272,in,desktop,16619,5130,/administration,http://www.owens.com/,https,"Mozilla/5.0 (Macintosh; Intel Mac OS X 10_10_5) AppleWebKit/533.2 (KHTML, like Gecko) Chrome/18.0.860.0 Safari/533.2"
390,130.136.146.152,walters-thompson.com,GET,/administration,2024-11-06 03:01:02+00:00,infinitepay.io,28573,in,mobile,16686,5523,/cgi-bin/test-cgi,http://www.owens.com/,https,Opera/8.11.(Windows 98; Win 9x 4.90; et-EE) Presto/2.9.174 Version/10.00
1553,109.210.16.55,brown-clark.com,GET,/administration,2024-11-11 03:54:36+00:00,infinitepay.io,63949,us,desktop,55712,3258,/administration,http://www.hernandez.com/,https,Opera/8.36.(X11; Linux i686; bo-CN) Presto/2.9.180 Version/10.00
2047,3d9b:ada2:4a86:7e29:9d53:20a7:2048:1cfd,marshall-odonnell.net,GET,/administration/letter/agency,2024-11-05 00:22:31+00:00,infinitepay.io,18881,in,desktop,56866,5476,/products,http://mcdonald.net/,https,"Mozilla/5.0 (iPhone; CPU iPhone OS 6_1_6 like Mac OS X) AppleWebKit/536.1 (KHTML, like Gecko) FxiOS/11.6d8322.0 Mobile/11C387 Safari/536.1"
2537,202.206.239.71,brown.net,GET,/today/land/difficult/administration,2024-11-05 16:29:50+00:00,infinitepay.io,396982,us,desktop,35932,5638,/dashboard,http://www.hernandez.com/,https,Mozilla/5.0 (Macintosh; Intel Mac OS X 10_7_9; rv:1.9.5.20) Gecko/8674-09-02 23:35:58.855377 Firefox/3.6.1
2722,2b7b:5704:e5d0:d203:3f08:ef69:fa6f:a15d,porter.biz,GET,/office/administration,2024-11-05 01:13:40+00:00,infinitepay.io,262588,in,mobile,51728,2837,/office/administration,http://www.hernandez.com/,https,"Mozilla/5.0 (iPod; U; CPU iPhone OS 3_2 like Mac OS X; eu-FR) AppleWebKit/532.20.4 (KHTML, like Gecko) Version/3.0.5 Mobile/8B116 Safari/6532.20.4"
2814,184.28.150.111,porter.biz,GET,/administration/clearly/anything/buy,2024-11-07 21:34:58+00:00,infinitepay.io,52602,in,mobile,46590,2804,/administration/clearly/anything/buy,http://www.hernandez.com/,https,"Mozilla/5.0 (iPod; U; CPU iPhone OS 3_2 like Mac OS X; eu-FR) AppleWebKit/532.20.4 (KHTML, like Gecko) Version/3.0.5 Mobile/8B116 Safari/6532.20.4"
2919,171.76.104.123,porter.biz,GET,/administration/now/order,2024-11-07 20:06:14+00:00,infinitepay.io,396982,in,desktop,2440,2438,/administration/now/order,http://www.hernandez.com/,https,Opera/8.30.(Windows 98; se-NO) Presto/2.9.186 Version/12.00
3903,171.76.104.123,porter.biz,GET,/administration/now/order,2024-11-10 02:58:39+00:00,infinitepay.io,396982,in,desktop,35270,2440,/administration/now/order,http://www.hernandez.com/,https,Opera/8.30.(Windows 98; se-NO) Presto/2.9.186 Version/12.00
3994,171.76.104.123,porter.biz,GET,/administration/now/order,2024-11-10 21:33:39+00:00,infinitepay.io,396982,in,desktop,35175,2466,/administration/now/order,http://www.hernandez.com/,https,Opera/8.30.(Windows 98; se-NO) Presto/2.9.186 Version/12.00
4070,171.76.104.123,porter.biz,GET,/administration/now/order,2024-11-10 03:50:33+00:00,infinitepay.io,396982,in,desktop,3077,2465,/administration/now/order,http://www.hernandez.com/,https,Opera/8.30.(Windows 98; se-NO) Presto/2.9.186 Version/12.00
4175,87d:b023:10b0:d316:16b6:9445:6795:3226,marshall-odonnell.net,GET,/administration/letter/agency,2024-11-10 23:41:08+00:00,infinitepay.io,28573,in,desktop,52015,5301,/administration/letter/agency,http://johnson.org/,https,"Mozilla/5.0 (iPhone; CPU iPhone OS 6_1_6 like Mac OS X) AppleWebKit/536.1 (KHTML, like Gecko) FxiOS/11.6d8322.0 Mobile/11C387 Safari/536.1"
4176,e21b:588a:2707:fe76:bf62:3730:a694:2be1,porter.biz,GET,/region/administration/prevent,2024-11-10 16:43:44+00:00,infinitepay.io,18881,in,mobile,34108,2836,/services,http://www.hernandez.com/,https,"Mozilla/5.0 (iPod; U; CPU iPhone OS 3_2 like Mac OS X; eu-FR) AppleWebKit/532.20.4 (KHTML, like Gecko) Version/3.0.5 Mobile/8B116 Safari/6532.20.4"
4629,171.76.104.123,porter.biz,GET,/administration/now/order,2024-11-10 00:49:39+00:00,infinitepay.io,396982,in,desktop,35188,2441,/<meta http-equiv='refresh' content='0;url=javascript:alert(1)'>,http://www.hernandez.com/,https,Opera/8.30.(Windows 98; se-NO) Presto/2.9.186 Version/12.00
4702,171.76.104.123,porter.biz,GET,/administration/now/order,2024-11-08 03:52:14+00:00,infinitepay.io,396982,in,desktop,2167,2466,/administration/now/order,http://www.hernandez.com/,https,Opera/8.30.(Windows 98; se-NO) Presto/2.9.186 Version/12.00
5159,aeb2:4649:6141:d59:d8d2:82f3:1960:e8b9,marshall-odonnell.net,GET,/administration/letter/agency,2024-11-08 22:43:23+00:00,infinitepay.io,263648,in,desktop,47973,5441,/administration/letter/agency,http://johnson.org/,https,"Mozilla/5.0 (iPhone; CPU iPhone OS 6_1_6 like Mac OS X) AppleWebKit/536.1 (KHTML, like Gecko) FxiOS/11.6d8322.0 Mobile/11C387 Safari/536.1"
5188,171.76.104.123,porter.biz,GET,/administration/now/order,2024-11-08 15:12:42+00:00,infinitepay.io,396982,in,desktop,35851,2467,/administration/now/order,http://www.hernandez.com/,https,Opera/8.30.(Windows 98; se-NO) Presto/2.9.186 Version/12.00
6228,171.76.104.123,porter.biz,GET,/administration/now/order,2024-11-14 03:26:44+00:00,infinitepay.io,396982,in,desktop,2129,2468,/administration/now/order,http://www.hernandez.com/,https,Opera/8.30.(Windows 98; se-NO) Presto/2.9.186 Version/12.00
6315,171.76.104.123,porter.biz,GET,/administration/now/order,2024-11-14 17:35:20+00:00,infinitepay.io,396982,in,desktop,4094,2466,/administration/now/order,http://www.hernandez.com/,https,Opera/8.30.(Windows 98; se-NO) Presto/2.9.186 Version/12.00
6496,212.235.132.100,brown-reynolds.info,GET,/administration,2024-11-12 23:59:46+00:00,infinitepay.io,63949,us,desktop,37952,3200,/administration,http://www.hernandez.com/,https,"Mozilla/5.0 (Macintosh; U; PPC Mac OS X 10_5_3 rv:3.0; fil-PH) AppleWebKit/531.47.7 (KHTML, like Gecko) Version/5.0 Safari/531.47.7"
6611,171.76.104.123,porter.biz,GET,/administration/now/order,2024-11-12 01:46:37+00:00,infinitepay.io,396982,in,desktop,2157,2466,/administration/now/order,http://www.hernandez.com/,https,Opera/8.30.(Windows 98; se-NO) Presto/2.9.186 Version/12.00
7135,171.76.104.123,porter.biz,GET,/administration/now/order,2024-11-12 06:24:18+00:00,infinitepay.io,396982,in,desktop,3400,2466,/administration/now/order,http://www.hernandez.com/,https,Opera/8.30.(Windows 98; se-NO) Presto/2.9.186 Version/12.00
7555,171.76.104.123,porter.biz,GET,/administration/now/order,2024-11-09 01:07:29+00:00,infinitepay.io,396982,in,desktop,2086,2465,/administration/now/order,http://www.hernandez.com/,https,Opera/8.30.(Windows 98; se-NO) Presto/2.9.186 Version/12.00
7744,145.184.163.222,porter.biz,GET,/administration/central/my/prevent,2024-11-09 17:11:41+00:00,infinitepay.io,52860,in,mobile,50710,2787,/administration/central/my/prevent,http://edwards.org/,https,Mozilla/5.0 (compatible; MSIE 8.0; Windows NT 6.0; Trident/3.0)
8893,1c4d:c71d:799d:18c5:3c66:8f77:513:4447,marshall-odonnell.net,GET,/administration/letter/agency,2024-11-13 02:06:07+00:00,infinitepay.io,28573,in,desktop,37302,5748,/<meta http-equiv='refresh' content='0;url=javascript:alert(1)'>,http://johnson.org/,https,"Mozilla/5.0 (iPhone; CPU iPhone OS 6_1_6 like Mac OS X) AppleWebKit/536.1 (KHTML, like Gecko) FxiOS/11.6d8322.0 Mobile/11C387 Safari/536.1"
8942,217.119.19.158,acosta.com,GET,/series/boy/administration/trade,2024-11-13 12:41:36+00:00,infinitepay.io,396982,us,desktop,43842,5959,/series/boy/administration/trade,http://www.hernandez.com/,https,Mozilla/5.0 (compatible; MSIE 7.0; Windows NT 10.0; Trident/4.1)
10932,203.87.92.123,boyd.biz,GET,/administration/thus/growth,2024-11-14 15:43:07+00:00,infinitepay.io,15169,us,desktop,37633,2693,/situation/major/forward,http://www.hernandez.com/,https,"Mozilla/5.0 (Macintosh; PPC Mac OS X 10_12_3) AppleWebKit/534.1 (KHTML, like Gecko) Chrome/46.0.831.0 Safari/534.1"
22941,159.168.200.38,jackson.com,GET,/administration/oil/through/age,2024-11-13 20:42:15+00:00,infinitepay.io,396982,us,desktop,53662,4234,/rate,http://www.hernandez.com/,https,"Mozilla/5.0 (Windows 98) AppleWebKit/533.0 (KHTML, like Gecko) Chrome/34.0.803.0 Safari/533.0"
22943,179.192.152.151,jackson.com,GET,/administration/oil/through/age,2024-11-13 14:15:06+00:00,infinitepay.io,396982,us,desktop,53056,4260,/rate,http://www.watson.org/,https,"Mozilla/5.0 (iPhone; CPU iPhone OS 10_3_4 like Mac OS X) AppleWebKit/536.1 (KHTML, like Gecko) CriOS/58.0.897.0 Mobile/59Y487 Safari/536.1"
22945,31.123.142.56,porter.biz,GET,/administration/oil/through/age,2024-11-13 16:24:33+00:00,infinitepay.io,268976,in,desktop,6685,2972,/rate,http://www.hernandez.com/,https,"Mozilla/5.0 (Windows 98) AppleWebKit/533.0 (KHTML, like Gecko) Chrome/34.0.803.0 Safari/533.0"
22948,171.40.165.112,jackson.com,GET,/administration/oil/through/age,2024-11-13 15:21:47+00:00,infinitepay.io,396982,us,desktop,51560,4306,/rate,http://www.hernandez.com/,https,"Mozilla/5.0 (Windows 98) AppleWebKit/533.0 (KHTML, like Gecko) Chrome/34.0.803.0 Safari/533.0"
22953,a53e:a4e7:3a5:214d:99d9:ec89:a73e:1566,porter.biz,GET,/administration/oil/through/age,2024-11-13 21:34:44+00:00,infinitepay.io,18881,in,desktop,37502,3004,/rate,http://www.hernandez.com/,https,Opera/8.35.(X11; Linux i686; ve-ZA) Presto/2.9.187 Version/11.00
